Id,StudentName,StudentSurname,StudentBornYear,StudentEmail,StudentPhoneNumber,StudentCNP,StudentAddress,StudentCitizenship,CompanyName,CompanyAddress,CompanyOfficialPerson,CompanyPhoneNumber,CompanyEmail,CompanyFiscalCode,CompanyRegistrationNumber,TuturName,TutorSurname,TutorEmail,TutorPhoneNumber,TutorPosition,TSSName,TSSEmail,TSSPhoneNumber,TSSPosition,StartDate,EndDate,CreditsNumber,HoursNumber
1,Andrei,Mucioniu,2003,constantinmucioniu@gmail.com,0771134005,5030915,Drobeta-Turnu Severin,Romania,Nokia,Timisoara,Stelian Ion,0771134005,contact@nokia.eu,5030915,5030915,Stelian,Ion,ionstelian@nokia.eu,0771134005,Manager,Anca Bogdan,bogdananca@staff.cs.upt.ro,0771345890,Profesor,2024-06-01,2024-07-01,10,120
2,Cristian,Latcu,2003,latcucristi@gmail.com,0770426915,5030508,Glimboca,Romania,Google,Dublin,Andrei Popescu,0770426915,contact@google.com,5030508,5030508,Andrei,Popescu,popescuandrei@muciu.io,0770426915,Manager,Stangaciu Valy,valy@staff.cs.upt.ro,0770426915,Profesor,2024-06-01,2024-07-01,10,120
3,Mario,Luca,2003,marioluca@ilovegeorgescu.ro,0712549760,5031108,Periam,Romania,McDonalds,Timisoara,Calin Georgescu,0712549760,contact@mec.us,5031108,5031108,Calin,Georgescu,calinpresedinte,0712549760,Manager,Chirila Bogdan,bogdanchirila@staff.cs.upt.ro,0712549760,Profesor,2024-06-01,2024-07-01,10,120
